{
    "parent": "item/handheld",
    "textures": {
        "layer0": "item/hallopickaxe"
    },
    "display": {
        "thirdperson_righthand": {
            "rotation": [ 0, -90, 55 ],
            "translation": [ 0, 2.0, 0.0 ],
            "scale": [ 0.75, 0.75, 0.75 ]
        },
        "thirdperson_lefthand": {
            "rotation": [ 0, 90, -55 ],
            "translation": [ 0, 2.0, 0.0 ],
            "scale": [ 0.75, 0.75, 0.75 ]
        },
        "firstperson_righthand": {
            "rotation": [ 0, -90, 25 ],
            "translation": [ 1.0, 1.0, 1.0 ],
            "scale": [ 0.75, 0.75, 0.75 ]
        },
        "firstperson_lefthand": {
            "rotation": [ 0, 90, -25 ],
            "translation": [ 1.0, 1.0, 1.0 ],
            "scale": [ 0.75, 0.75, 0.75 ]
        },
        "ground": {
            "translation": [ 0, 2, 0 ],
            "scale": [ 0.7, 0.7, 0.7 ]
        },
        "gui": {
            "rotation": [ 30, 225, 0 ],
            "translation": [ 0, 0, 0 ],
            "scale": [ 0.8, 0.8, 0.8 ]
        },
        "head": {
            "rotation": [ 0, 0, 0 ],
            "translation": [ 0, 0, 0 ],
            "scale": [ 0.7, 0.7, 0.7 ]
        },
        "fixed": {
            "translation": [ 0, 0, 0 ],
            "scale": [ 0.75, 0.75, 0.75 ]
        }
    }
}
