{
    "parent": "item/handheld",
    "textures": {
        "layer0": "item/hallopickaxe"
    },
    "display": {
        "thirdperson_righthand": {
            "rotation": [ 0, -90, 55 ],
            "translation": [ 0, 8.0, 0.5 ],
            "scale": [ 1.8, 1.8, 1.8 ]
        },
        "thirdperson_lefthand": {
            "rotation": [ 0, 90, -55 ],
            "translation": [ 0, 8.0, 0.5 ],
            "scale": [ 1.8, 1.8, 1.8 ]
        },
        "firstperson_righthand": {
            "rotation": [ 0, -90, 25 ],
            "translation": [ 1.13, 3.2, 1.13 ],
            "scale": [ 1.8, 1.8, 1.8 ]
        },
        "firstperson_lefthand": {
            "rotation": [ 0, 90, -25 ],
            "translation": [ 1.13, 3.2, 1.13 ],
            "scale": [ 1.8, 1.8, 1.8 ]
        },
        "ground": {
            "translation": [ 0, 3, 0 ],
            "scale":[ 1.8, 1.8, 1.8 ]
        },
        "gui": {
            "rotation": [ 30, 225, 0 ],
            "translation": [ 0, 0, 0],
            "scale":[ 1.8, 1.8, 1.8 ]
        },
        "head": {
            "rotation": [ 0, 0, 0 ],
            "translation": [ 0, 0, 0 ],
            "scale": [ 1.8, 1.8, 1.8 ]
        },
        "fixed": {
            "translation": [ 0, 0, 0 ],
            "scale": [ 1.8, 1.8, 1.8 ]
        }
    }
}