{
  "parent": "item/handheld",
  "textures": {
    "layer0": "item/hallopickaxe"
  },
  "display": {
    "thirdperson_righthand": {
      "rotation": [0, -90, 55],
      "translation": [0, 4.0, 0.5],
      "scale": [3.0, 3.0, 3.0]
    },
    "thirdperson_lefthand": {
      "rotation": [0, 90, -55],
      "translation": [0, 4.0, 0.5],
      "scale": [3.0, 3.0, 3.0]
    },
    "firstperson_righthand": {
      "rotation": [0, -90, 25],
      "translation": [1.13, 3.2, 1.13],
      "scale": [3.0, 3.0, 3.0]
    },
    "firstperson_lefthand": {
      "rotation": [0, 90, -25],
      "translation": [1.13, 3.2, 1.13],
      "scale": [3.0, 3.0, 3.0]
    },
    "gui": {
      "rotation": [30, 225, 0],
      "translation": [0, 0, 0],
      "scale": [2.0, 2.0, 2.0]
    },
    "ground": {
      "rotation": [0, 0, 0],
      "translation": [0, 3, 0],
      "scale": [2.0, 2.0, 2.0]
    },
    "fixed": {
      "rotation": [0, 0, 0],
      "translation": [0, 0, 0],
      "scale": [2.0, 2.0, 2.0]
    }
  }
}