{
    "parent": "item/handheld",
    "textures": {
        "layer0": "item/hallopickaxe"
    },
    "display": {
        "thirdperson_righthand": {
            "rotation": [ 0, -90, 55 ],
            "translation": [ 0, 8.0, 3.5 ],
            "scale": [ 2.5, 2.5, 2.5 ]
        },
        "thirdperson_lefthand": {
            "rotation": [ 0, 90, -55 ],
            "translation": [ 0, 8.0, 3.5 ],
            "scale": [ 2.5, 2.5, 2.5 ]
        },
        "firstperson_righthand": {
            "rotation": [ 0, -90, 25 ],
            "translation": [ 1.13, 3.2, 1.13 ],
            "scale": [ 2.5, 2.5, 2.5 ]
        },
        "firstperson_lefthand": {
            "rotation": [ 0, 90, -25 ],
            "translation": [ 1.13, 3.2, 1.13 ],
            "scale": [ 2.5, 2.5, 2.5 ]
        }
    }
}
